Workbook

Sheet 首页
A1: GB/T 8175-2025 圆筒单层绝热表面温度法计算表
A3: 输入参数 | E3: 结果（从“迭代计算”提取）
A4: D0 绝热层内径 / 管道外径 | B4: 0.12 | C4: m | E4: 推荐保温层厚度 δ | F4: =INDEX(迭代计算!$A$5:$A$1004, MATCH(MIN(迭代计算!$V$5:$V$1004), 迭代计算!$V$5:$V$1004, 0)) -> 29 | G4: mm
A5: T0 设备/管道外表面温度 | B5: 1100 | C5: ℃ | E5: 对应外径 D1 | F5: =INDEX(迭代计算!$B$5:$B$1004, MATCH(MIN(迭代计算!$V$5:$V$1004), 迭代计算!$V$5:$V$1004, 0)) -> 0.178 | G5: m
A6: Ta 环境温度 | B6: 20 | C6: ℃ | E6: αr 辐射换热系数 | F6: =INDEX(迭代计算!$L$5:$L$1004, MATCH(MIN(迭代计算!$V$5:$V$1004), 迭代计算!$V$5:$V$1004, 0)) -> 7.7687338 | G6: W/(m²·K)
A7: Ts 目标绝热层外表面温度 | B7: 115 | C7: ℃ | E7: αc 对流换热系数 | F7: =INDEX(迭代计算!$Q$5:$Q$1004, MATCH(MIN(迭代计算!$V$5:$V$1004), 迭代计算!$V$5:$V$1004, 0)) -> 5.5005535 | G7: W/(m²·K)
A8: λ 绝热材料导热系数 | B8: 0.045 | C8: W/(m·K) | E8: αs 综合换热系数 | F8: =INDEX(迭代计算!$R$5:$R$1004, MATCH(MIN(迭代计算!$V$5:$V$1004), 迭代计算!$V$5:$V$1004, 0)) -> 13.269287 | G8: W/(m²·K)
A9: ε 外表面发射率 | B9: 0.85 | C9: - | E9: Nu 努赛尔数 | F9: =INDEX(迭代计算!$O$5:$O$1004, MATCH(MIN(迭代计算!$V$5:$V$1004), 迭代计算!$V$5:$V$1004, 0)) -> 10289.005 | G9: -
A10: H 立式圆筒特征高度 | B10: 55.2 | C10: m | E10: Gr 格拉晓夫数 | F10: =INDEX(迭代计算!$I$5:$I$1004, MATCH(MIN(迭代计算!$V$5:$V$1004), 迭代计算!$V$5:$V$1004, 0)) -> 1.1589166e+15 | G10: -
A11: ω 风速（强制对流） | B11: 0 | C11: m/s | E11: Pr 普朗特数 | F11: =INDEX(迭代计算!$K$5:$K$1004, MATCH(MIN(迭代计算!$V$5:$V$1004), 迭代计算!$V$5:$V$1004, 0)) -> 0.69532757 | G11: -
A12: cp 空气比热容 | B12: 1007 | C12: J/(kg·K) | E12: Re 雷诺数 | F12: =INDEX(迭代计算!$N$5:$N$1004, MATCH(MIN(迭代计算!$V$5:$V$1004), 迭代计算!$V$5:$V$1004, 0)) -> 0 | G12: -
A13: 对流类型 | B13: 自然对流 | C13: 自然对流/强制对流 | E13: 最小残差 | F13: =MIN(迭代计算!$V$5:$V$1004) -> 0.00014070169 | G13: -
A14: 圆筒姿态 | B14: 立式圆筒 | C14: 立式圆筒/卧式圆筒
A16: 标准主公式：D1·LN(D1/D0)=2·λ·(T0-Ts)/(αs·(Ts-Ta))。
A17: αs=αr+αc；αr、αc 按 GB/T 8175-2025 附录A计算。
A18: 由于 D1 同时出现在左右两边，本表采用厚度扫描 + 残差最小法求解。
A19: 表中已包含 αr、αc、Nu、Gr、Pr、Re、空气物性参数的完整计算。
A23: 新增：允许最大散热损失法 | E23: 新增结果（允许最大散热损失法）
A24: 计算模式 | B24: 按单位面积散热损失 qp | C24: 按单位面积散热损失 qp / 按单位长度散热损失 ql | E24: 计算模式 | F24: =允许散热损失法!$Y$2 -> 按单位面积散热损失 qp | G24: -
A25: qp 允许最大散热损失量 | B25: =102000/(PI()*B4*B10) -> 4901.5109 | C25: W/m² | E25: 推荐保温层厚度 δ | F25: =INDEX(允许散热损失法!$A$5:$A$1004, MATCH(MIN(允许散热损失法!$V$5:$V$1004), 允许散热损失法!$V$5:$V$1004, 0)) -> 18 | G25: mm
A26: ql 允许最大散热损失量 | B26: =102000/(PI()*B4*B10) -> 4901.5109 | C26: W/m | E26: 对应外径 D1 | F26: =INDEX(允许散热损失法!$B$5:$B$1004, MATCH(MIN(允许散热损失法!$V$5:$V$1004), 允许散热损失法!$V$5:$V$1004, 0)) -> 0.156 | G26: m
E27: αs 综合换热系数 | F27: =INDEX(允许散热损失法!$R$5:$R$1004, MATCH(MIN(允许散热损失法!$V$5:$V$1004), 允许散热损失法!$V$5:$V$1004, 0)) -> 13.289628 | G27: W/(m²·K)
E28: 最小残差 | F28: =MIN(允许散热损失法!$V$5:$V$1004) -> 9.5415288e-05 | G28: -
A30: 新增方法采用 GB/T 8175-2025 的允许最大散热（冷）损失量法。
A31: 按单位面积：D1·LN(D1/D0)=2πλ[(T0-Ta)/qp-1/αs]。
A32: 按单位长度：LN(D1/D0)=2πλ[(T0-Ta)/ql-1/(πD1αs)]。
A33: 本方法同样采用厚度扫描 + 残差最小法求解。

Sheet 迭代计算
A4: δ(mm) | B4: D1(m) | C4: Ts(K) | D4: Ta(K) | E4: T0(K) | F4: ΔT(K) | G4: T̄(K) | H4: vf(m²/s) | I4: Gr | J4: ρf(kg/m³) | K4: Pr | L4: αr | M4: l(m) | N4: Re | O4: Nu | P4: λf(W/(m·K)) | Q4: αc | R4: αs | S4: 左侧 | T4: 右侧 | U4: 说明 | V4: 残差
A5: 0 | B5: =首页!$B$4+2*A5/1000 -> 0.12 | C5: =首页!$B$7+273.15 -> 388.15 | D5: =首页!$B$6+273.15 -> 293.15 | E5: =首页!$B$5+273.15 -> 1373.15 | F5: =C5-D5 -> 95 | G5: =(C5+D5)/2 -> 340.65 | H5: =0.0000000042113*G5^2.5/(112+G5) -> 1.9926207e-05 | I5: =9.81*M5^3*F5/(H5^2*G5) -> 1.1589166e+15 | J5: =348.35/G5 -> 1.0226038 | K5: =J5*H5*首页!$B$12/P5 -> 0.69532757 | L5: =首页!$B$9*0.0000000567*((C5^4-D5^4)/(C5-D5)) -> 7.7687338 | M5: =IF(首页!$B$13="自然对流",IF(首页!$B$14="立式圆筒",首页!$B$10,PI()*B5/2),PI()*B5/2) -> 55.2 | N5: =IF(首页!$B$13="强制对流",首页!$B$11*M5/H5,0) -> 0 | O5: =IF(首页!$B$13="自然对流",IF(首页!$B$14="立式圆筒",(0.825+0.3063*I5^(1/6))^2+0.87*(M5/B5),(0.752+0.303*I5^(1/6))^2),0.3+SQRT((0.592*N5^0.5)^2+(0.0262*N5^0.8/(1-0.5/N5^0.1))^2)) -> 10419.408 | P5: =0.0243+0.000078421*(G5-273)-0.000000020755*(G5-273)^2 -> 0.029510195 | Q5: =O5*P5/M5 -> 5.5702671 | R5: =L5+Q5 -> 13.339001 | S5: =B5*LN(B5/首页!$B$4) -> 0 | T5: =2*首页!$B$8*(E5-C5)/(R5*(C5-D5)) -> 0.069957105 | U5: =IF(首页!$B$13="自然对流","按自然对流公式", "按强制对流公式") -> 按自然对流公式 | V5: =ABS(S5-T5) -> 0.069957105
A6: 1 | B6: =首页!$B$4+2*A6/1000 -> 0.122 | C6: =首页!$B$7+273.15 -> 388.15 | D6: =首页!$B$6+273.15 -> 293.15 | E6: =首页!$B$5+273.15 -> 1373.15 | F6: =C6-D6 -> 95 | G6: =(C6+D6)/2 -> 340.65 | H6: =0.0000000042113*G6^2.5/(112+G6) -> 1.9926207e-05 | I6: =9.81*M6^3*F6/(H6^2*G6) -> 1.1589166e+15 | J6: =348.35/G6 -> 1.0226038 | K6: =J6*H6*首页!$B$12/P6 -> 0.69532757 | L6: =首页!$B$9*0.0000000567*((C6^4-D6^4)/(C6-D6)) -> 7.7687338 | M6: =IF(首页!$B$13="自然对流",IF(首页!$B$14="立式圆筒",首页!$B$10,PI()*B6/2),PI()*B6/2) -> 55.2 | N6: =IF(首页!$B$13="强制对流",首页!$B$11*M6/H6,0) -> 0 | O6: =IF(首页!$B$13="自然对流",IF(首页!$B$14="立式圆筒",(0.825+0.3063*I6^(1/6))^2+0.87*(M6/B6),(0.752+0.303*I6^(1/6))^2),0.3+SQRT((0.592*N6^0.5)^2+(0.0262*N6^0.8/(1-0.5/N6^0.1))^2)) -> 10412.847 | P6: =0.0243+0.000078421*(G6-273)-0.000000020755*(G6-273)^2 -> 0.029510195 | Q6: =O6*P6/M6 -> 5.5667598 | R6: =L6+Q6 -> 13.335494 | S6: =B6*LN(B6/首页!$B$4) -> 0.0020165748 | T6: =2*首页!$B$8*(E6-C6)/(R6*(C6-D6)) -> 0.069975505 | U6: =IF(首页!$B$13="自然对流","按自然对流公式", "按强制对流公式") -> 按自然对流公式 | V6: =ABS(S6-T6) -> 0.06795893
A7: 2 | B7: =首页!$B$4+2*A7/1000 -> 0.124 | C7: =首页!$B$7+273.15 -> 388.15 | D7: =首页!$B$6+273.15 -> 293.15 | E7: =首页!$B$5+273.15 -> 1373.15 | F7: =C7-D7 -> 95 | G7: =(C7+D7)/2 -> 340.65 | H7: =0.0000000042113*G7^2.5/(112+G7) -> 1.9926207e-05 | I7: =9.81*M7^3*F7/(H7^2*G7) -> 1.1589166e+15 | J7: =348.35/G7 -> 1.0226038 | K7: =J7*H7*首页!$B$12/P7 -> 0.69532757 | L7: =首页!$B$9*0.0000000567*((C7^4-D7^4)/(C7-D7)) -> 7.7687338 | M7: =IF(首页!$B$13="自然对流",IF(首页!$B$14="立式圆筒",首页!$B$10,PI()*B7/2),PI()*B7/2) -> 55.2 | N7: =IF(首页!$B$13="强制对流",首页!$B$11*M7/H7,0) -> 0 | O7: =IF(首页!$B$13="自然对流",IF(首页!$B$14="立式圆筒",(0.825+0.3063*I7^(1/6))^2+0.87*(M7/B7),(0.752+0.303*I7^(1/6))^2),0.3+SQRT((0.592*N7^0.5)^2+(0.0262*N7^0.8/(1-0.5/N7^0.1))^2)) -> 10406.498 | P7: =0.0243+0.000078421*(G7-273)-0.000000020755*(G7-273)^2 -> 0.029510195 | Q7: =O7*P7/M7 -> 5.5633656 | R7: =L7+Q7 -> 13.332099 | S7: =B7*LN(B7/首页!$B$4) -> 0.004065938 | T7: =2*首页!$B$8*(E7-C7)/(R7*(C7-D7)) -> 0.06999332 | U7: =IF(首页!$B$13="自然对流","按自然对流公式", "按强制对流公式") -> 按自然对流公式 | V7: =ABS(S7-T7) -> 0.065927382
A8: 3 | B8: =首页!$B$4+2*A8/1000 -> 0.126 | C8: =首页!$B$7+273.15 -> 388.15 | D8: =首页!$B$6+273.15 -> 293.15 | E8: =首页!$B$5+273.15 -> 1373.15 | F8: =C8-D8 -> 95 | G8: =(C8+D8)/2 -> 340.65 | H8: =0.0000000042113*G8^2.5/(112+G8) -> 1.9926207e-05 | I8: =9.81*M8^3*F8/(H8^2*G8) -> 1.1589166e+15 | J8: =348.35/G8 -> 1.0226038 | K8: =J8*H8*首页!$B$12/P8 -> 0.69532757 | L8: =首页!$B$9*0.0000000567*((C8^4-D8^4)/(C8-D8)) -> 7.7687338 | M8: =IF(首页!$B$13="自然对流",IF(首页!$B$14="立式圆筒",首页!$B$10,PI()*B8/2),PI()*B8/2) -> 55.2 | N8: =IF(首页!$B$13="强制对流",首页!$B$11*M8/H8,0) -> 0 | O8: =IF(首页!$B$13="自然对流",IF(首页!$B$14="立式圆筒",(0.825+0.3063*I8^(1/6))^2+0.87*(M8/B8),(0.752+0.303*I8^(1/6))^2),0.3+SQRT((0.592*N8^0.5)^2+(0.0262*N8^0.8/(1-0.5/N8^0.1))^2)) -> 10400.35 | P8: =0.0243+0.000078421*(G8-273)-0.000000020755*(G8-273)^2 -> 0.029510195 | Q8: =O8*P8/M8 -> 5.5600791 | R8: =L8+Q8 -> 13.328813 | S8: =B8*LN(B8/首页!$B$4) -> 0.0061475607 | T8: =2*首页!$B$8*(E8-C8)/(R8*(C8-D8)) -> 0.070010578 | U8: =IF(首页!$B$13="自然对流","按自然对流公式", "按强制对流公式") -> 按自然对流公式 | V8: =ABS(S8-T8) -> 0.063863017
A9: 4 | B9: =首页!$B$4+2*A9/1000 -> 0.128 | C9: =首页!$B$7+273.15 -> 388.15 | D9: =首页!$B$6+273.15 -> 293.15 | E9: =首页!$B$5+273.15 -> 1373.15 | F9: =C9-D9 -> 95 | G9: =(C9+D9)/2 -> 340.65 | H9: =0.0000000042113*G9^2.5/(112+G9) -> 1.9926207e-05 | I9: =9.81*M9^3*F9/(H9^2*G9) -> 1.1589166e+15 | J9: =348.35/G9 -> 1.0226038 | K9: =J9*H9*首页!$B$12/P9 -> 0.69532757 | L9: =首页!$B$9*0.0000000567*((C9^4-D9^4)/(C9-D9)) -> 7.7687338 | M9: =IF(首页!$B$13="自然对流",IF(首页!$B$14="立式圆筒",首页!$B$10,PI()*B9/2),PI()*B9/2) -> 55.2 | N9: =IF(首页!$B$13="强制对流",首页!$B$11*M9/H9,0) -> 0 | O9: =IF(首页!$B$13="自然对流",IF(首页!$B$14="立式圆筒",(0.825+0.3063*I9^(1/6))^2+0.87*(M9/B9),(0.752+0.303*I9^(1/6))^2),0.3+SQRT((0.592*N9^0.5)^2+(0.0262*N9^0.8/(1-0.5/N9^0.1))^2)) -> 10394.395 | P9: =0.0243+0.000078421*(G9-273)-0.000000020755*(G9-273)^2 -> 0.029510195 | Q9: =O9*P9/M9 -> 5.5568953 | R9: =L9+Q9 -> 13.325629 | S9: =B9*LN(B9/首页!$B$4) -> 0.0082609307 | T9: =2*首页!$B$8*(E9-C9)/(R9*(C9-D9)) -> 0.070027305 | U9: =IF(首页!$B$13="自然对流","按自然对流公式", "按强制对流公式") -> 按自然对流公式 | V9: =ABS(S9-T9) -> 0.061766374
A10: 5 | B10: =首页!$B$4+2*A10/1000 -> 0.13 | C10: =首页!$B$7+273.15 -> 388.15 | D10: =首页!$B$6+273.15 -> 293.15 | E10: =首页!$B$5+273.15 -> 1373.15 | F10: =C10-D10 -> 95 | G10: =(C10+D10)/2 -> 340.65 | H10: =0.0000000042113*G10^2.5/(112+G10) -> 1.9926207e-05 | I10: =9.81*M10^3*F10/(H10^2*G10) -> 1.1589166e+15 | J10: =348.35/G10 -> 1.0226038 | K10: =J10*H10*首页!$B$12/P10 -> 0.69532757 | L10: =首页!$B$9*0.0000000567*((C10^4-D10^4)/(C10-D10)) -> 7.7687338 | M10: =IF(首页!$B$13="自然对流",IF(首页!$B$14="立式圆筒",首页!$B$10,PI()*B10/2),PI()*B10/2) -> 55.2 | N10: =IF(首页!$B$13="强制对流",首页!$B$11*M10/H10,0) -> 0 | O10: =IF(首页!$B$13="自然对流",IF(首页!$B$14="立式圆筒",(0.825+0.3063*I10^(1/6))^2+0.87*(M10/B10),(0.752+0.303*I10^(1/6))^2),0.3+SQRT((0.592*N10^0.5)^2+(0.0262*N10^0.8/(1-0.5/N10^0.1))^2)) -> 10388.623 | P10: =0.0243+0.000078421*(G10-273)-0.000000020755*(G10-273)^2 -> 0.029510195 | Q10: =O10*P10/M10 -> 5.5538095 | R10: =L10+Q10 -> 13.322543 | S10: =B10*LN(B10/首页!$B$4) -> 0.010405552 | T10: =2*首页!$B$8*(E10-C10)/(R10*(C10-D10)) -> 0.070043525 | U10: =IF(首页!$B$13="自然对流","按自然对流公式", "按强制对流公式") -> 按自然对流公式 | V10: =ABS(S10-T10) -> 0.059637973
A11: 6 | B11: =首页!$B$4+2*A11/1000 -> 0.132 | C11: =首页!$B$7+273.15 -> 388.15 | D11: =首页!$B$6+273.15 -> 293.15 | E11: =首页!$B$5+273.15 -> 1373.15 | F11: =C11-D11 -> 95 | G11: =(C11+D11)/2 -> 340.65 | H11: =0.0000000042113*G11^2.5/(112+G11) -> 1.9926207e-05 | I11: =9.81*M11^3*F11/(H11^2*G11) -> 1.1589166e+15 | J11: =348.35/G11 -> 1.0226038 | K11: =J11*H11*首页!$B$12/P11 -> 0.69532757 | L11: =首页!$B$9*0.0000000567*((C11^4-D11^4)/(C11-D11)) -> 7.7687338 | M11: =IF(首页!$B$13="自然对流",IF(首页!$B$14="立式圆筒",首页!$B$10,PI()*B11/2),PI()*B11/2) -> 55.2 | N11: =IF(首页!$B$13="强制对流",首页!$B$11*M11/H11,0) -> 0 | O11: =IF(首页!$B$13="自然对流",IF(首页!$B$14="立式圆筒",(0.825+0.3063*I11^(1/6))^2+0.87*(M11/B11),(0.752+0.303*I11^(1/6))^2),0.3+SQRT((0.592*N11^0.5)^2+(0.0262*N11^0.8/(1-0.5/N11^0.1))^2)) -> 10383.026 | P11: =0.0243+0.000078421*(G11-273)-0.000000020755*(G11-273)^2 -> 0.029510195 | Q11: =O11*P11/M11 -> 5.5508172 | R11: =L11+Q11 -> 13.319551 | S11: =B11*LN(B11/首页!$B$4) -> 0.012580944 | T11: =2*首页!$B$8*(E11-C11)/(R11*(C11-D11)) -> 0.07005926 | U11: =IF(首页!$B$13="自然对流","按自然对流公式", "按强制对流公式") -> 按自然对流公式 | V11: =ABS(S11-T11) -> 0.057478317
A12: 7 | B12: =首页!$B$4+2*A12/1000 -> 0.134 | C12: =首页!$B$7+273.15 -> 388.15 | D12: =首页!$B$6+273.15 -> 293.15 | E12: =首页!$B$5+273.15 -> 1373.15 | F12: =C12-D12 -> 95 | G12: =(C12+D12)/2 -> 340.65 | H12: =0.0000000042113*G12^2.5/(112+G12) -> 1.9926207e-05 | I12: =9.81*M12^3*F12/(H12^2*G12) -> 1.1589166e+15 | J12: =348.35/G12 -> 1.0226038 | K12: =J12*H12*首页!$B$12/P12 -> 0.69532757 | L12: =首页!$B$9*0.0000000567*((C12^4-D12^4)/(C12-D12)) -> 7.7687338 | M12: =IF(首页!$B$13="自然对流",IF(首页!$B$14="立式圆筒",首页!$B$10,PI()*B12/2),PI()*B12/2) -> 55.2 | N12: =IF(首页!$B$13="强制对流",首页!$B$11*M12/H12,0) -> 0 | O12: =IF(首页!$B$13="自然对流",IF(首页!$B$14="立式圆筒",(0.825+0.3063*I12^(1/6))^2+0.87*(M12/B12),(0.752+0.303*I12^(1/6))^2),0.3+SQRT((0.592*N12^0.5)^2+(0.0262*N12^0.8/(1-0.5/N12^0.1))^2)) -> 10377.596 | P12: =0.0243+0.000078421*(G12-273)-0.000000020755*(G12-273)^2 -> 0.029510195 | Q12: =O12*P12/M12 -> 5.5479143 | R12: =L12+Q12 -> 13.316648 | S12: =B12*LN(B12/首页!$B$4) -> 0.01478664 | T12: =2*首页!$B$8*(E12-C12)/(R12*(C12-D12)) -> 0.070074533 | U12: =IF(首页!$B$13="自然对流","按自然对流公式", "按强制对流公式") -> 按自然对流公式 | V12: =ABS(S12-T12) -> 0.055287893
A13: 8 | B13: =首页!$B$4+2*A13/1000 -> 0.136 | C13: =首页!$B$7+273.15 -> 388.15 | D13: =首页!$B$6+273.15 -> 293.15 | E13: =首页!$B$5+273.15 -> 1373.15 | F13: =C13-D13 -> 95 | G13: =(C13+D13)/2 -> 340.65 | H13: =0.0000000042113*G13^2.5/(112+G13) -> 1.9926207e-05 | I13: =9.81*M13^3*F13/(H13^2*G13) -> 1.1589166e+15 | J13: =348.35/G13 -> 1.0226038 | K13: =J13*H13*首页!$B$12/P13 -> 0.69532757 | L13: =首页!$B$9*0.0000000567*((C13^4-D13^4)/(C13-D13)) -> 7.7687338 | M13: =IF(首页!$B$13="自然对流",IF(首页!$B$14="立式圆筒",首页!$B$10,PI()*B13/2),PI()*B13/2) -> 55.2 | N13: =IF(首页!$B$13="强制对流",首页!$B$11*M13/H13,0) -> 0 | O13: =IF(首页!$B$13="自然对流",IF(首页!$B$14="立式圆筒",(0.825+0.3063*I13^(1/6))^2+0.87*(M13/B13),(0.752+0.303*I13^(1/6))^2),0.3+SQRT((0.592*N13^0.5)^2+(0.0262*N13^0.8/(1-0.5/N13^0.1))^2)) -> 10372.325 | P13: =0.0243+0.000078421*(G13-273)-0.000000020755*(G13-273)^2 -> 0.029510195 | Q13: =O13*P13/M13 -> 5.5450967 | R13: =L13+Q13 -> 13.31383 | S13: =B13*LN(B13/首页!$B$4) -> 0.017022187 | T13: =2*首页!$B$8*(E13-C13)/(R13*(C13-D13)) -> 0.070089363 | U13: =IF(首页!$B$13="自然对流","按自然对流公式", "按强制对流公式") -> 按自然对流公式 | V13: =ABS(S13-T13) -> 0.053067175
A14: 9 | B14: =首页!$B$4+2*A14/1000 -> 0.138 | C14: =首页!$B$7+273.15 -> 388.15 | D14: =首页!$B$6+273.15 -> 293.15 | E14: =首页!$B$5+273.15 -> 1373.15 | F14: =C14-D14 -> 95 | G14: =(C14+D14)/2 -> 340.65 | H14: =0.0000000042113*G14^2.5/(112+G14) -> 1.9926207e-05 | I14: =9.81*M14^3*F14/(H14^2*G14) -> 1.1589166e+15 | J14: =348.35/G14 -> 1.0226038 | K14: =J14*H14*首页!$B$12/P14 -> 0.69532757 | L14: =首页!$B$9*0.0000000567*((C14^4-D14^4)/(C14-D14)) -> 7.7687338 | M14: =IF(首页!$B$13="自然对流",IF(首页!$B$14="立式圆筒",首页!$B$10,PI()*B14/2),PI()*B14/2) -> 55.2 | N14: =IF(首页!$B$13="强制对流",首页!$B$11*M14/H14,0) -> 0 | O14: =IF(首页!$B$13="自然对流",IF(首页!$B$14="立式圆筒",(0.825+0.3063*I14^(1/6))^2+0.87*(M14/B14),(0.752+0.303*I14^(1/6))^2),0.3+SQRT((0.592*N14^0.5)^2+(0.0262*N14^0.8/(1-0.5/N14^0.1))^2)) -> 10367.208 | P14: =0.0243+0.000078421*(G14-273)-0.000000020755*(G14-273)^2 -> 0.029510195 | Q14: =O14*P14/M14 -> 5.5423608 | R14: =L14+Q14 -> 13.311095 | S14: =B14*LN(B14/首页!$B$4) -> 0.019287148 | T14: =2*首页!$B$8*(E14-C14)/(R14*(C14-D14)) -> 0.070103769 | U14: =IF(首页!$B$13="自然对流","按自然对流公式", "按强制对流公式") -> 按自然对流公式 | V14: =ABS(S14-T14) -> 0.050816621
A15: 10 | B15: =首页!$B$4+2*A15/1000 -> 0.14 | C15: =首页!$B$7+273.15 -> 388.15 | D15: =首页!$B$6+273.15 -> 293.15 | E15: =首页!$B$5+273.15 -> 1373.15 | F15: =C15-D15 -> 95 | G15: =(C15+D15)/2 -> 340.65 | H15: =0.0000000042113*G15^2.5/(112+G15) -> 1.9926207e-05 | I15: =9.81*M15^3*F15/(H15^2*G15) -> 1.1589166e+15 | J15: =348.35/G15 -> 1.0226038 | K15: =J15*H15*首页!$B$12/P15 -> 0.69532757 | L15: =首页!$B$9*0.0000000567*((C15^4-D15^4)/(C15-D15)) -> 7.7687338 | M15: =IF(首页!$B$13="自然对流",IF(首页!$B$14="立式圆筒",首页!$B$10,PI()*B15/2),PI()*B15/2) -> 55.2 | N15: =IF(首页!$B$13="强制对流",首页!$B$11*M15/H15,0) -> 0 | O15: =IF(首页!$B$13="自然对流",IF(首页!$B$14="立式圆筒",(0.825+0.3063*I15^(1/6))^2+0.87*(M15/B15),(0.752+0.303*I15^(1/6))^2),0.3+SQRT((0.592*N15^0.5)^2+(0.0262*N15^0.8/(1-0.5/N15^0.1))^2)) -> 10362.236 | P15: =0.0243+0.000078421*(G15-273)-0.000000020755*(G15-273)^2 -> 0.029510195 | Q15: =O15*P15/M15 -> 5.539703 | R15: =L15+Q15 -> 13.308437 | S15: =B15*LN(B15/首页!$B$4) -> 0.021581095 | T15: =2*首页!$B$8*(E15-C15)/(R15*(C15-D15)) -> 0.070117769 | U15: =IF(首页!$B$13="自然对流","按自然对流公式", "按强制对流公式") -> 按自然对流公式 | V15: =ABS(S15-T15) -> 0.048536674
A16: 11 | B16: =首页!$B$4+2*A16/1000 -> 0.142 | C16: =首页!$B$7+273.15 -> 388.15 | D16: =首页!$B$6+273.15 -> 293.15 | E16: =首页!$B$5+273.15 -> 1373.15 | F16: =C16-D16 -> 95 | G16: =(C16+D16)/2 -> 340.65 | H16: =0.0000000042113*G16^2.5/(112+G16) -> 1.9926207e-05 | I16: =9.81*M16^3*F16/(H16^2*G16) -> 1.1589166e+15 | J16: =348.35/G16 -> 1.0226038 | K16: =J16*H16*首页!$B$12/P16 -> 0.69532757 | L16: =首页!$B$9*0.0000000567*((C16^4-D16^4)/(C16-D16)) -> 7.7687338 | M16: =IF(首页!$B$13="自然对流",IF(首页!$B$14="立式圆筒",首页!$B$10,PI()*B16/2),PI()*B16/2) -> 55.2 | N16: =IF(首页!$B$13="强制对流",首页!$B$11*M16/H16,0) -> 0 | O16: =IF(首页!$B$13="自然对流",IF(首页!$B$14="立式圆筒",(0.825+0.3063*I16^(1/6))^2+0.87*(M16/B16),(0.752+0.303*I16^(1/6))^2),0.3+SQRT((0.592*N16^0.5)^2+(0.0262*N16^0.8/(1-0.5/N16^0.1))^2)) -> 10357.405 | P16: =0.0243+0.000078421*(G16-273)-0.000000020755*(G16-273)^2 -> 0.029510195 | Q16: =O16*P16/M16 -> 5.5371201 | R16: =L16+Q16 -> 13.305854 | S16: =B16*LN(B16/首页!$B$4) -> 0.023903615 | T16: =2*首页!$B$8*(E16-C16)/(R16*(C16-D16)) -> 0.07013138 | U16: =IF(首页!$B$13="自然对流","按自然对流公式", "按强制对流公式") -> 按自然对流公式 | V16: =ABS(S16-T16) -> 0.046227765
... A1004: 999 | B1004: =首页!$B$4+2*A1004/1000 -> 2.118 | C1004: =首页!$B$7+273.15 -> 388.15 | D1004: =首页!$B$6+273.15 -> 293.15 | E1004: =首页!$B$5+273.15 -> 1373.15 | F1004: =C1004-D1004 -> 95 | G1004: =(C1004+D1004)/2 -> 340.65 | H1004: =0.0000000042113*G1004^2.5/(112+G1004) -> 1.9926207e-05 | I1004: =9.81*M1004^3*F1004/(H1004^2*G1004) -> 1.1589166e+15 | J1004: =348.35/G1004 -> 1.0226038 | K1004: =J1004*H1004*首页!$B$12/P1004 -> 0.69532757 | L1004: =首页!$B$9*0.0000000567*((C1004^4-D1004^4)/(C1004-D1004)) -> 7.7687338 | M1004: =IF(首页!$B$13="自然对流",IF(首页!$B$14="立式圆筒",首页!$B$10,PI()*B1004/2),PI()*B1004/2) -> 55.2 | N1004: =IF(首页!$B$13="强制对流",首页!$B$11*M1004/H1004,0) -> 0 | O1004: =IF(首页!$B$13="自然对流",IF(首页!$B$14="立式圆筒",(0.825+0.3063*I1004^(1/6))^2+0.87*(M1004/B1004),(0.752+0.303*I1004^(1/6))^2),0.3+SQRT((0.592*N1004^0.5)^2+(0.0262*N1004^0.8/(1-0.5/N1004^0.1))^2)) -> 10041.882 | P1004: =0.0243+0.000078421*(G1004-273)-0.000000020755*(G1004-273)^2 -> 0.029510195 | Q1004: =O1004*P1004/M1004 -> 5.36844 | R1004: =L1004+Q1004 -> 13.137174 | S1004: =B1004*LN(B1004/首页!$B$4) -> 6.0802184 | T1004: =2*首页!$B$8*(E1004-C1004)/(R1004*(C1004-D1004)) -> 0.07103186 | U1004: =IF(首页!$B$13="自然对流","按自然对流公式", "按强制对流公式") -> 按自然对流公式 | V1004: =ABS(S1004-T1004) -> 6.0091865

Sheet 公式说明
A1: 公式说明（GB/T 8175-2025）
A3: 序号 | B3: 项目 | C3: 公式 | D3: 来源 | E3: 备注
A4: 1 | B4: 圆筒单层绝热表面温度法 | C4: D1*LN(D1/D0)=2*λ*(T0-Ts)/(αs*(Ts-Ta)) | D4: 标准7.3.3 | E4: 用于求 D1
A5: 2 | B5: 厚度换算 | C5: δ=(D1-D0)/2 | D5: 标准7.3.1/7.3.3 | E5: 输出厚度
A6: 3 | B6: 综合换热系数 | C6: αs=αr+αc | D6: 附录A.1 | E6: 综合
A7: 4 | B7: 辐射换热系数 | C7: αr=ε*σ*(Ts^4-Ta^4)/(Ts-Ta) | D7: 附录A.2 | E7: σ=5.67E-8
A8: 5 | B8: 对流换热系数 | C8: αc=Nu*λf/l | D8: 附录A.3 | E8: l 为特征尺寸
A9: 6 | B9: 格拉晓夫数 | C9: Gr=g*l^3*ΔT/(vf^2*T̄) | D9: 附录A.4.2 | E9: 自然对流
A10: 7 | B10: 空气运动黏度 | C10: vf=4.2113E-9*T̄^2.5/(112+T̄) | D10: 附录A.4.2
A11: 8 | B11: 空气密度 | C11: ρf=348.35/T̄ | D11: 附录A.4.3
A12: 9 | B12: 空气导热系数 | C12: λf=0.0243+7.8421E-5*(T̄-273)-2.0755E-8*(T̄-273)^2 | D12: 附录A.4.3 | E12: 103K<T<1273K
A13: 10 | B13: 普朗特数 | C13: Pr=ρf*vf*cpf/λf | D13: 附录A.4.3
A14: 11 | B14: 雷诺数 | C14: Re=ω*l/vf | D14: 附录A.4.4 | E14: 强制对流
A15: 12 | B15: 立式圆筒自然对流 Nu | C15: Nu=(0.825+0.3063*Gr^(1/6))^2+0.87*(l/D1) | D15: 表A.1
A16: 13 | B16: 卧式圆筒自然对流 Nu | C16: Nu=(0.752+0.303*Gr^(1/6))^2 | D16: 表A.1
A17: 14 | B17: 圆筒强制对流 Nu | C17: Nu=0.3+SQRT((0.592*Re^(1/2))^2+(0.0262*Re^0.8/(1-0.5/Re^0.1))^2) | D17: 表A.1
A19: 15 | B19: 按单位面积允许最大散热损失量 | C19: D1*LN(D1/D0)=2*PI()*λ*((T0-Ta)/qp-1/αs) | D19: 标准7.3.2 | E19: qp 单位 W/m²
A20: 16 | B20: 按单位长度允许最大散热损失量 | C20: LN(D1/D0)=2*PI()*λ*((T0-Ta)/ql-1/(PI()*D1*αs)) | D20: 标准7.3.2 | E20: ql 单位 W/m

Sheet 允许散热损失法
X1: 计算模式 | Y1: 来自首页
X2: 当前模式 | Y2: =首页!$B$24 -> 按单位面积散热损失 qp
X3: qp | Y3: =首页!$B$25 -> 4901.5109
A4: δ(mm) | B4: D1(m) | C4: Ts(K) | D4: Ta(K) | E4: T0(K) | F4: ΔT(K) | G4: T̄(K) | H4: vf(m²/s) | I4: Gr | J4: ρf(kg/m³) | K4: Pr | L4: αr | M4: l(m) | N4: Re | O4: Nu | P4: λf(W/(m·K)) | Q4: αc | R4: αs | S4: 左侧 | T4: 右侧 | U4: 说明 | V4: 残差 | X4: ql | Y4: =首页!$B$26 -> 4901.5109
A5: 0 | B5: =首页!$B$4+2*A5/1000 -> 0.12 | C5: =首页!$B$7+273.15 -> 388.15 | D5: =首页!$B$6+273.15 -> 293.15 | E5: =首页!$B$5+273.15 -> 1373.15 | F5: =C5-D5 -> 95 | G5: =(C5+D5)/2 -> 340.65 | H5: =0.0000000042113*G5^2.5/(112+G5) -> 1.9926207e-05 | I5: =9.81*M5^3*F5/(H5^2*G5) -> 1.1589166e+15 | J5: =348.35/G5 -> 1.0226038 | K5: =J5*H5*首页!$B$12/P5 -> 0.69532757 | L5: =首页!$B$9*0.0000000567*((C5^4-D5^4)/(C5-D5)) -> 7.7687338 | M5: =IF(首页!$B$13="自然对流",IF(首页!$B$14="立式圆筒",首页!$B$10,PI()*B5/2),PI()*B5/2) -> 55.2 | N5: =IF(首页!$B$13="强制对流",首页!$B$11*M5/H5,0) -> 0 | O5: =IF(首页!$B$13="自然对流",IF(首页!$B$14="立式圆筒",(0.825+0.3063*I5^(1/6))^2+0.87*(M5/B5),(0.752+0.303*I5^(1/6))^2),0.3+SQRT((0.592*N5^0.5)^2+(0.0262*N5^0.8/(1-0.5/N5^0.1))^2)) -> 10419.408 | P5: =0.0243+0.000078421*(G5-273)-0.000000020755*(G5-273)^2 -> 0.029510195 | Q5: =O5*P5/M5 -> 5.5702671 | R5: =L5+Q5 -> 13.339001 | S5: =IF($Y$2="按单位面积散热损失 qp",B5*LN(B5/首页!$B$4),LN(B5/首页!$B$4)) -> 0 | T5: =IF($Y$2="按单位面积散热损失 qp",2*PI()*首页!$B$8*((E5-D5)/$Y$3-1/R5),2*PI()*首页!$B$8*((E5-D5)/$Y$4-1/(PI()*B5*R5))) -> 0.041102989 | U5: =IF($Y$2="按单位面积散热损失 qp","按单位面积散热损失 qp","按单位长度散热损失 ql") -> 按单位面积散热损失 qp | V5: =ABS(S5-T5) -> 0.041102989
A6: 1 | B6: =首页!$B$4+2*A6/1000 -> 0.122 | C6: =首页!$B$7+273.15 -> 388.15 | D6: =首页!$B$6+273.15 -> 293.15 | E6: =首页!$B$5+273.15 -> 1373.15 | F6: =C6-D6 -> 95 | G6: =(C6+D6)/2 -> 340.65 | H6: =0.0000000042113*G6^2.5/(112+G6) -> 1.9926207e-05 | I6: =9.81*M6^3*F6/(H6^2*G6) -> 1.1589166e+15 | J6: =348.35/G6 -> 1.0226038 | K6: =J6*H6*首页!$B$12/P6 -> 0.69532757 | L6: =首页!$B$9*0.0000000567*((C6^4-D6^4)/(C6-D6)) -> 7.7687338 | M6: =IF(首页!$B$13="自然对流",IF(首页!$B$14="立式圆筒",首页!$B$10,PI()*B6/2),PI()*B6/2) -> 55.2 | N6: =IF(首页!$B$13="强制对流",首页!$B$11*M6/H6,0) -> 0 | O6: =IF(首页!$B$13="自然对流",IF(首页!$B$14="立式圆筒",(0.825+0.3063*I6^(1/6))^2+0.87*(M6/B6),(0.752+0.303*I6^(1/6))^2),0.3+SQRT((0.592*N6^0.5)^2+(0.0262*N6^0.8/(1-0.5/N6^0.1))^2)) -> 10412.847 | P6: =0.0243+0.000078421*(G6-273)-0.000000020755*(G6-273)^2 -> 0.029510195 | Q6: =O6*P6/M6 -> 5.5667598 | R6: =L6+Q6 -> 13.335494 | S6: =IF($Y$2="按单位面积散热损失 qp",B6*LN(B6/首页!$B$4),LN(B6/首页!$B$4)) -> 0.0020165748 | T6: =IF($Y$2="按单位面积散热损失 qp",2*PI()*首页!$B$8*((E6-D6)/$Y$3-1/R6),2*PI()*首页!$B$8*((E6-D6)/$Y$4-1/(PI()*B6*R6))) -> 0.041097414 | U6: =IF($Y$2="按单位面积散热损失 qp","按单位面积散热损失 qp","按单位长度散热损失 ql") -> 按单位面积散热损失 qp | V6: =ABS(S6-T6) -> 0.03908084
A7: 2 | B7: =首页!$B$4+2*A7/1000 -> 0.124 | C7: =首页!$B$7+273.15 -> 388.15 | D7: =首页!$B$6+273.15 -> 293.15 | E7: =首页!$B$5+273.15 -> 1373.15 | F7: =C7-D7 -> 95 | G7: =(C7+D7)/2 -> 340.65 | H7: =0.0000000042113*G7^2.5/(112+G7) -> 1.9926207e-05 | I7: =9.81*M7^3*F7/(H7^2*G7) -> 1.1589166e+15 | J7: =348.35/G7 -> 1.0226038 | K7: =J7*H7*首页!$B$12/P7 -> 0.69532757 | L7: =首页!$B$9*0.0000000567*((C7^4-D7^4)/(C7-D7)) -> 7.7687338 | M7: =IF(首页!$B$13="自然对流",IF(首页!$B$14="立式圆筒",首页!$B$10,PI()*B7/2),PI()*B7/2) -> 55.2 | N7: =IF(首页!$B$13="强制对流",首页!$B$11*M7/H7,0) -> 0 | O7: =IF(首页!$B$13="自然对流",IF(首页!$B$14="立式圆筒",(0.825+0.3063*I7^(1/6))^2+0.87*(M7/B7),(0.752+0.303*I7^(1/6))^2),0.3+SQRT((0.592*N7^0.5)^2+(0.0262*N7^0.8/(1-0.5/N7^0.1))^2)) -> 10406.498 | P7: =0.0243+0.000078421*(G7-273)-0.000000020755*(G7-273)^2 -> 0.029510195 | Q7: =O7*P7/M7 -> 5.5633656 | R7: =L7+Q7 -> 13.332099 | S7: =IF($Y$2="按单位面积散热损失 qp",B7*LN(B7/首页!$B$4),LN(B7/首页!$B$4)) -> 0.004065938 | T7: =IF($Y$2="按单位面积散热损失 qp",2*PI()*首页!$B$8*((E7-D7)/$Y$3-1/R7),2*PI()*首页!$B$8*((E7-D7)/$Y$4-1/(PI()*B7*R7))) -> 0.041092017 | U7: =IF($Y$2="按单位面积散热损失 qp","按单位面积散热损失 qp","按单位长度散热损失 ql") -> 按单位面积散热损失 qp | V7: =ABS(S7-T7) -> 0.037026079
A8: 3 | B8: =首页!$B$4+2*A8/1000 -> 0.126 | C8: =首页!$B$7+273.15 -> 388.15 | D8: =首页!$B$6+273.15 -> 293.15 | E8: =首页!$B$5+273.15 -> 1373.15 | F8: =C8-D8 -> 95 | G8: =(C8+D8)/2 -> 340.65 | H8: =0.0000000042113*G8^2.5/(112+G8) -> 1.9926207e-05 | I8: =9.81*M8^3*F8/(H8^2*G8) -> 1.1589166e+15 | J8: =348.35/G8 -> 1.0226038 | K8: =J8*H8*首页!$B$12/P8 -> 0.69532757 | L8: =首页!$B$9*0.0000000567*((C8^4-D8^4)/(C8-D8)) -> 7.7687338 | M8: =IF(首页!$B$13="自然对流",IF(首页!$B$14="立式圆筒",首页!$B$10,PI()*B8/2),PI()*B8/2) -> 55.2 | N8: =IF(首页!$B$13="强制对流",首页!$B$11*M8/H8,0) -> 0 | O8: =IF(首页!$B$13="自然对流",IF(首页!$B$14="立式圆筒",(0.825+0.3063*I8^(1/6))^2+0.87*(M8/B8),(0.752+0.303*I8^(1/6))^2),0.3+SQRT((0.592*N8^0.5)^2+(0.0262*N8^0.8/(1-0.5/N8^0.1))^2)) -> 10400.35 | P8: =0.0243+0.000078421*(G8-273)-0.000000020755*(G8-273)^2 -> 0.029510195 | Q8: =O8*P8/M8 -> 5.5600791 | R8: =L8+Q8 -> 13.328813 | S8: =IF($Y$2="按单位面积散热损失 qp",B8*LN(B8/首页!$B$4),LN(B8/首页!$B$4)) -> 0.0061475607 | T8: =IF($Y$2="按单位面积散热损失 qp",2*PI()*首页!$B$8*((E8-D8)/$Y$3-1/R8),2*PI()*首页!$B$8*((E8-D8)/$Y$4-1/(PI()*B8*R8))) -> 0.041086787 | U8: =IF($Y$2="按单位面积散热损失 qp","按单位面积散热损失 qp","按单位长度散热损失 ql") -> 按单位面积散热损失 qp | V8: =ABS(S8-T8) -> 0.034939227
A9: 4 | B9: =首页!$B$4+2*A9/1000 -> 0.128 | C9: =首页!$B$7+273.15 -> 388.15 | D9: =首页!$B$6+273.15 -> 293.15 | E9: =首页!$B$5+273.15 -> 1373.15 | F9: =C9-D9 -> 95 | G9: =(C9+D9)/2 -> 340.65 | H9: =0.0000000042113*G9^2.5/(112+G9) -> 1.9926207e-05 | I9: =9.81*M9^3*F9/(H9^2*G9) -> 1.1589166e+15 | J9: =348.35/G9 -> 1.0226038 | K9: =J9*H9*首页!$B$12/P9 -> 0.69532757 | L9: =首页!$B$9*0.0000000567*((C9^4-D9^4)/(C9-D9)) -> 7.7687338 | M9: =IF(首页!$B$13="自然对流",IF(首页!$B$14="立式圆筒",首页!$B$10,PI()*B9/2),PI()*B9/2) -> 55.2 | N9: =IF(首页!$B$13="强制对流",首页!$B$11*M9/H9,0) -> 0 | O9: =IF(首页!$B$13="自然对流",IF(首页!$B$14="立式圆筒",(0.825+0.3063*I9^(1/6))^2+0.87*(M9/B9),(0.752+0.303*I9^(1/6))^2),0.3+SQRT((0.592*N9^0.5)^2+(0.0262*N9^0.8/(1-0.5/N9^0.1))^2)) -> 10394.395 | P9: =0.0243+0.000078421*(G9-273)-0.000000020755*(G9-273)^2 -> 0.029510195 | Q9: =O9*P9/M9 -> 5.5568953 | R9: =L9+Q9 -> 13.325629 | S9: =IF($Y$2="按单位面积散热损失 qp",B9*LN(B9/首页!$B$4),LN(B9/首页!$B$4)) -> 0.0082609307 | T9: =IF($Y$2="按单位面积散热损失 qp",2*PI()*首页!$B$8*((E9-D9)/$Y$3-1/R9),2*PI()*首页!$B$8*((E9-D9)/$Y$4-1/(PI()*B9*R9))) -> 0.041081719 | U9: =IF($Y$2="按单位面积散热损失 qp","按单位面积散热损失 qp","按单位长度散热损失 ql") -> 按单位面积散热损失 qp | V9: =ABS(S9-T9) -> 0.032820788
A10: 5 | B10: =首页!$B$4+2*A10/1000 -> 0.13 | C10: =首页!$B$7+273.15 -> 388.15 | D10: =首页!$B$6+273.15 -> 293.15 | E10: =首页!$B$5+273.15 -> 1373.15 | F10: =C10-D10 -> 95 | G10: =(C10+D10)/2 -> 340.65 | H10: =0.0000000042113*G10^2.5/(112+G10) -> 1.9926207e-05 | I10: =9.81*M10^3*F10/(H10^2*G10) -> 1.1589166e+15 | J10: =348.35/G10 -> 1.0226038 | K10: =J10*H10*首页!$B$12/P10 -> 0.69532757 | L10: =首页!$B$9*0.0000000567*((C10^4-D10^4)/(C10-D10)) -> 7.7687338 | M10: =IF(首页!$B$13="自然对流",IF(首页!$B$14="立式圆筒",首页!$B$10,PI()*B10/2),PI()*B10/2) -> 55.2 | N10: =IF(首页!$B$13="强制对流",首页!$B$11*M10/H10,0) -> 0 | O10: =IF(首页!$B$13="自然对流",IF(首页!$B$14="立式圆筒",(0.825+0.3063*I10^(1/6))^2+0.87*(M10/B10),(0.752+0.303*I10^(1/6))^2),0.3+SQRT((0.592*N10^0.5)^2+(0.0262*N10^0.8/(1-0.5/N10^0.1))^2)) -> 10388.623 | P10: =0.0243+0.000078421*(G10-273)-0.000000020755*(G10-273)^2 -> 0.029510195 | Q10: =O10*P10/M10 -> 5.5538095 | R10: =L10+Q10 -> 13.322543 | S10: =IF($Y$2="按单位面积散热损失 qp",B10*LN(B10/首页!$B$4),LN(B10/首页!$B$4)) -> 0.010405552 | T10: =IF($Y$2="按单位面积散热损失 qp",2*PI()*首页!$B$8*((E10-D10)/$Y$3-1/R10),2*PI()*首页!$B$8*((E10-D10)/$Y$4-1/(PI()*B10*R10))) -> 0.041076805 | U10: =IF($Y$2="按单位面积散热损失 qp","按单位面积散热损失 qp","按单位长度散热损失 ql") -> 按单位面积散热损失 qp | V10: =ABS(S10-T10) -> 0.030671253
A11: 6 | B11: =首页!$B$4+2*A11/1000 -> 0.132 | C11: =首页!$B$7+273.15 -> 388.15 | D11: =首页!$B$6+273.15 -> 293.15 | E11: =首页!$B$5+273.15 -> 1373.15 | F11: =C11-D11 -> 95 | G11: =(C11+D11)/2 -> 340.65 | H11: =0.0000000042113*G11^2.5/(112+G11) -> 1.9926207e-05 | I11: =9.81*M11^3*F11/(H11^2*G11) -> 1.1589166e+15 | J11: =348.35/G11 -> 1.0226038 | K11: =J11*H11*首页!$B$12/P11 -> 0.69532757 | L11: =首页!$B$9*0.0000000567*((C11^4-D11^4)/(C11-D11)) -> 7.7687338 | M11: =IF(首页!$B$13="自然对流",IF(首页!$B$14="立式圆筒",首页!$B$10,PI()*B11/2),PI()*B11/2) -> 55.2 | N11: =IF(首页!$B$13="强制对流",首页!$B$11*M11/H11,0) -> 0 | O11: =IF(首页!$B$13="自然对流",IF(首页!$B$14="立式圆筒",(0.825+0.3063*I11^(1/6))^2+0.87*(M11/B11),(0.752+0.303*I11^(1/6))^2),0.3+SQRT((0.592*N11^0.5)^2+(0.0262*N11^0.8/(1-0.5/N11^0.1))^2)) -> 10383.026 | P11: =0.0243+0.000078421*(G11-273)-0.000000020755*(G11-273)^2 -> 0.029510195 | Q11: =O11*P11/M11 -> 5.5508172 | R11: =L11+Q11 -> 13.319551 | S11: =IF($Y$2="按单位面积散热损失 qp",B11*LN(B11/首页!$B$4),LN(B11/首页!$B$4)) -> 0.012580944 | T11: =IF($Y$2="按单位面积散热损失 qp",2*PI()*首页!$B$8*((E11-D11)/$Y$3-1/R11),2*PI()*首页!$B$8*((E11-D11)/$Y$4-1/(PI()*B11*R11))) -> 0.041072037 | U11: =IF($Y$2="按单位面积散热损失 qp","按单位面积散热损失 qp","按单位长度散热损失 ql") -> 按单位面积散热损失 qp | V11: =ABS(S11-T11) -> 0.028491093
A12: 7 | B12: =首页!$B$4+2*A12/1000 -> 0.134 | C12: =首页!$B$7+273.15 -> 388.15 | D12: =首页!$B$6+273.15 -> 293.15 | E12: =首页!$B$5+273.15 -> 1373.15 | F12: =C12-D12 -> 95 | G12: =(C12+D12)/2 -> 340.65 | H12: =0.0000000042113*G12^2.5/(112+G12) -> 1.9926207e-05 | I12: =9.81*M12^3*F12/(H12^2*G12) -> 1.1589166e+15 | J12: =348.35/G12 -> 1.0226038 | K12: =J12*H12*首页!$B$12/P12 -> 0.69532757 | L12: =首页!$B$9*0.0000000567*((C12^4-D12^4)/(C12-D12)) -> 7.7687338 | M12: =IF(首页!$B$13="自然对流",IF(首页!$B$14="立式圆筒",首页!$B$10,PI()*B12/2),PI()*B12/2) -> 55.2 | N12: =IF(首页!$B$13="强制对流",首页!$B$11*M12/H12,0) -> 0 | O12: =IF(首页!$B$13="自然对流",IF(首页!$B$14="立式圆筒",(0.825+0.3063*I12^(1/6))^2+0.87*(M12/B12),(0.752+0.303*I12^(1/6))^2),0.3+SQRT((0.592*N12^0.5)^2+(0.0262*N12^0.8/(1-0.5/N12^0.1))^2)) -> 10377.596 | P12: =0.0243+0.000078421*(G12-273)-0.000000020755*(G12-273)^2 -> 0.029510195 | Q12: =O12*P12/M12 -> 5.5479143 | R12: =L12+Q12 -> 13.316648 | S12: =IF($Y$2="按单位面积散热损失 qp",B12*LN(B12/首页!$B$4),LN(B12/首页!$B$4)) -> 0.01478664 | T12: =IF($Y$2="按单位面积散热损失 qp",2*PI()*首页!$B$8*((E12-D12)/$Y$3-1/R12),2*PI()*首页!$B$8*((E12-D12)/$Y$4-1/(PI()*B12*R12))) -> 0.041067409 | U12: =IF($Y$2="按单位面积散热损失 qp","按单位面积散热损失 qp","按单位长度散热损失 ql") -> 按单位面积散热损失 qp | V12: =ABS(S12-T12) -> 0.02628077
A13: 8 | B13: =首页!$B$4+2*A13/1000 -> 0.136 | C13: =首页!$B$7+273.15 -> 388.15 | D13: =首页!$B$6+273.15 -> 293.15 | E13: =首页!$B$5+273.15 -> 1373.15 | F13: =C13-D13 -> 95 | G13: =(C13+D13)/2 -> 340.65 | H13: =0.0000000042113*G13^2.5/(112+G13) -> 1.9926207e-05 | I13: =9.81*M13^3*F13/(H13^2*G13) -> 1.1589166e+15 | J13: =348.35/G13 -> 1.0226038 | K13: =J13*H13*首页!$B$12/P13 -> 0.69532757 | L13: =首页!$B$9*0.0000000567*((C13^4-D13^4)/(C13-D13)) -> 7.7687338 | M13: =IF(首页!$B$13="自然对流",IF(首页!$B$14="立式圆筒",首页!$B$10,PI()*B13/2),PI()*B13/2) -> 55.2 | N13: =IF(首页!$B$13="强制对流",首页!$B$11*M13/H13,0) -> 0 | O13: =IF(首页!$B$13="自然对流",IF(首页!$B$14="立式圆筒",(0.825+0.3063*I13^(1/6))^2+0.87*(M13/B13),(0.752+0.303*I13^(1/6))^2),0.3+SQRT((0.592*N13^0.5)^2+(0.0262*N13^0.8/(1-0.5/N13^0.1))^2)) -> 10372.325 | P13: =0.0243+0.000078421*(G13-273)-0.000000020755*(G13-273)^2 -> 0.029510195 | Q13: =O13*P13/M13 -> 5.5450967 | R13: =L13+Q13 -> 13.31383 | S13: =IF($Y$2="按单位面积散热损失 qp",B13*LN(B13/首页!$B$4),LN(B13/首页!$B$4)) -> 0.017022187 | T13: =IF($Y$2="按单位面积散热损失 qp",2*PI()*首页!$B$8*((E13-D13)/$Y$3-1/R13),2*PI()*首页!$B$8*((E13-D13)/$Y$4-1/(PI()*B13*R13))) -> 0.041062916 | U13: =IF($Y$2="按单位面积散热损失 qp","按单位面积散热损失 qp","按单位长度散热损失 ql") -> 按单位面积散热损失 qp | V13: =ABS(S13-T13) -> 0.024040728
A14: 9 | B14: =首页!$B$4+2*A14/1000 -> 0.138 | C14: =首页!$B$7+273.15 -> 388.15 | D14: =首页!$B$6+273.15 -> 293.15 | E14: =首页!$B$5+273.15 -> 1373.15 | F14: =C14-D14 -> 95 | G14: =(C14+D14)/2 -> 340.65 | H14: =0.0000000042113*G14^2.5/(112+G14) -> 1.9926207e-05 | I14: =9.81*M14^3*F14/(H14^2*G14) -> 1.1589166e+15 | J14: =348.35/G14 -> 1.0226038 | K14: =J14*H14*首页!$B$12/P14 -> 0.69532757 | L14: =首页!$B$9*0.0000000567*((C14^4-D14^4)/(C14-D14)) -> 7.7687338 | M14: =IF(首页!$B$13="自然对流",IF(首页!$B$14="立式圆筒",首页!$B$10,PI()*B14/2),PI()*B14/2) -> 55.2 | N14: =IF(首页!$B$13="强制对流",首页!$B$11*M14/H14,0) -> 0 | O14: =IF(首页!$B$13="自然对流",IF(首页!$B$14="立式圆筒",(0.825+0.3063*I14^(1/6))^2+0.87*(M14/B14),(0.752+0.303*I14^(1/6))^2),0.3+SQRT((0.592*N14^0.5)^2+(0.0262*N14^0.8/(1-0.5/N14^0.1))^2)) -> 10367.208 | P14: =0.0243+0.000078421*(G14-273)-0.000000020755*(G14-273)^2 -> 0.029510195 | Q14: =O14*P14/M14 -> 5.5423608 | R14: =L14+Q14 -> 13.311095 | S14: =IF($Y$2="按单位面积散热损失 qp",B14*LN(B14/首页!$B$4),LN(B14/首页!$B$4)) -> 0.019287148 | T14: =IF($Y$2="按单位面积散热损失 qp",2*PI()*首页!$B$8*((E14-D14)/$Y$3-1/R14),2*PI()*首页!$B$8*((E14-D14)/$Y$4-1/(PI()*B14*R14))) -> 0.041058551 | U14: =IF($Y$2="按单位面积散热损失 qp","按单位面积散热损失 qp","按单位长度散热损失 ql") -> 按单位面积散热损失 qp | V14: =ABS(S14-T14) -> 0.021771403
A15: 10 | B15: =首页!$B$4+2*A15/1000 -> 0.14 | C15: =首页!$B$7+273.15 -> 388.15 | D15: =首页!$B$6+273.15 -> 293.15 | E15: =首页!$B$5+273.15 -> 1373.15 | F15: =C15-D15 -> 95 | G15: =(C15+D15)/2 -> 340.65 | H15: =0.0000000042113*G15^2.5/(112+G15) -> 1.9926207e-05 | I15: =9.81*M15^3*F15/(H15^2*G15) -> 1.1589166e+15 | J15: =348.35/G15 -> 1.0226038 | K15: =J15*H15*首页!$B$12/P15 -> 0.69532757 | L15: =首页!$B$9*0.0000000567*((C15^4-D15^4)/(C15-D15)) -> 7.7687338 | M15: =IF(首页!$B$13="自然对流",IF(首页!$B$14="立式圆筒",首页!$B$10,PI()*B15/2),PI()*B15/2) -> 55.2 | N15: =IF(首页!$B$13="强制对流",首页!$B$11*M15/H15,0) -> 0 | O15: =IF(首页!$B$13="自然对流",IF(首页!$B$14="立式圆筒",(0.825+0.3063*I15^(1/6))^2+0.87*(M15/B15),(0.752+0.303*I15^(1/6))^2),0.3+SQRT((0.592*N15^0.5)^2+(0.0262*N15^0.8/(1-0.5/N15^0.1))^2)) -> 10362.236 | P15: =0.0243+0.000078421*(G15-273)-0.000000020755*(G15-273)^2 -> 0.029510195 | Q15: =O15*P15/M15 -> 5.539703 | R15: =L15+Q15 -> 13.308437 | S15: =IF($Y$2="按单位面积散热损失 qp",B15*LN(B15/首页!$B$4),LN(B15/首页!$B$4)) -> 0.021581095 | T15: =IF($Y$2="按单位面积散热损失 qp",2*PI()*首页!$B$8*((E15-D15)/$Y$3-1/R15),2*PI()*首页!$B$8*((E15-D15)/$Y$4-1/(PI()*B15*R15))) -> 0.041054309 | U15: =IF($Y$2="按单位面积散热损失 qp","按单位面积散热损失 qp","按单位长度散热损失 ql") -> 按单位面积散热损失 qp | V15: =ABS(S15-T15) -> 0.019473214
A16: 11 | B16: =首页!$B$4+2*A16/1000 -> 0.142 | C16: =首页!$B$7+273.15 -> 388.15 | D16: =首页!$B$6+273.15 -> 293.15 | E16: =首页!$B$5+273.15 -> 1373.15 | F16: =C16-D16 -> 95 | G16: =(C16+D16)/2 -> 340.65 | H16: =0.0000000042113*G16^2.5/(112+G16) -> 1.9926207e-05 | I16: =9.81*M16^3*F16/(H16^2*G16) -> 1.1589166e+15 | J16: =348.35/G16 -> 1.0226038 | K16: =J16*H16*首页!$B$12/P16 -> 0.69532757 | L16: =首页!$B$9*0.0000000567*((C16^4-D16^4)/(C16-D16)) -> 7.7687338 | M16: =IF(首页!$B$13="自然对流",IF(首页!$B$14="立式圆筒",首页!$B$10,PI()*B16/2),PI()*B16/2) -> 55.2 | N16: =IF(首页!$B$13="强制对流",首页!$B$11*M16/H16,0) -> 0 | O16: =IF(首页!$B$13="自然对流",IF(首页!$B$14="立式圆筒",(0.825+0.3063*I16^(1/6))^2+0.87*(M16/B16),(0.752+0.303*I16^(1/6))^2),0.3+SQRT((0.592*N16^0.5)^2+(0.0262*N16^0.8/(1-0.5/N16^0.1))^2)) -> 10357.405 | P16: =0.0243+0.000078421*(G16-273)-0.000000020755*(G16-273)^2 -> 0.029510195 | Q16: =O16*P16/M16 -> 5.5371201 | R16: =L16+Q16 -> 13.305854 | S16: =IF($Y$2="按单位面积散热损失 qp",B16*LN(B16/首页!$B$4),LN(B16/首页!$B$4)) -> 0.023903615 | T16: =IF($Y$2="按单位面积散热损失 qp",2*PI()*首页!$B$8*((E16-D16)/$Y$3-1/R16),2*PI()*首页!$B$8*((E16-D16)/$Y$4-1/(PI()*B16*R16))) -> 0.041050185 | U16: =IF($Y$2="按单位面积散热损失 qp","按单位面积散热损失 qp","按单位长度散热损失 ql") -> 按单位面积散热损失 qp | V16: =ABS(S16-T16) -> 0.01714657
... A1004: 999 | B1004: =首页!$B$4+2*A1004/1000 -> 2.118 | C1004: =首页!$B$7+273.15 -> 388.15 | D1004: =首页!$B$6+273.15 -> 293.15 | E1004: =首页!$B$5+273.15 -> 1373.15 | F1004: =C1004-D1004 -> 95 | G1004: =(C1004+D1004)/2 -> 340.65 | H1004: =0.0000000042113*G1004^2.5/(112+G1004) -> 1.9926207e-05 | I1004: =9.81*M1004^3*F1004/(H1004^2*G1004) -> 1.1589166e+15 | J1004: =348.35/G1004 -> 1.0226038 | K1004: =J1004*H1004*首页!$B$12/P1004 -> 0.69532757 | L1004: =首页!$B$9*0.0000000567*((C1004^4-D1004^4)/(C1004-D1004)) -> 7.7687338 | M1004: =IF(首页!$B$13="自然对流",IF(首页!$B$14="立式圆筒",首页!$B$10,PI()*B1004/2),PI()*B1004/2) -> 55.2 | N1004: =IF(首页!$B$13="强制对流",首页!$B$11*M1004/H1004,0) -> 0 | O1004: =IF(首页!$B$13="自然对流",IF(首页!$B$14="立式圆筒",(0.825+0.3063*I1004^(1/6))^2+0.87*(M1004/B1004),(0.752+0.303*I1004^(1/6))^2),0.3+SQRT((0.592*N1004^0.5)^2+(0.0262*N1004^0.8/(1-0.5/N1004^0.1))^2)) -> 10041.882 | P1004: =0.0243+0.000078421*(G1004-273)-0.000000020755*(G1004-273)^2 -> 0.029510195 | Q1004: =O1004*P1004/M1004 -> 5.36844 | R1004: =L1004+Q1004 -> 13.137174 | S1004: =IF($Y$2="按单位面积散热损失 qp",B1004*LN(B1004/首页!$B$4),LN(B1004/首页!$B$4)) -> 6.0802184 | T1004: =IF($Y$2="按单位面积散热损失 qp",2*PI()*首页!$B$8*((E1004-D1004)/$Y$3-1/R1004),2*PI()*首页!$B$8*((E1004-D1004)/$Y$4-1/(PI()*B1004*R1004))) -> 0.040777343 | U1004: =IF($Y$2="按单位面积散热损失 qp","按单位面积散热损失 qp","按单位长度散热损失 ql") -> 按单位面积散热损失 qp | V1004: =ABS(S1004-T1004) -> 6.039441
