Workbook

Sheet 单方案反推计算器
A1: 感应线圈匹配反推计算器（单方案：短线圈/Nagaoka分支）
A2: 说明：本工作簿按当前截图参数建立。空芯电感采用分支：若 l/Dm≥0.4，则用 Wheeler；若 l/Dm<0.4，则用 Nagaoka 形式 L=Kn·μ0·N²·A/l。当前案例属于短线圈，因此走 Nagaoka 分支。
A4: 基础输入 | D4: 控制/校准参数 | G4: 计算结果
A5: 电源电压 U_LL | B5: 380 | C5: V | D5: 铜管径向宽度 w_rad | E5: 30 | F5: mm | G5: 填充系数 k_f | H5: =B10*B11/B8 -> 0.8
A6: 额定功率 P | B6: 133 | C6: kW | D6: 整流系数 k_rect | E6: 1.35 | F6: - | G6: 铜管肌肤深度 δ_cu | H6: =SQRT(2*(B12*0.00000001)/(2*PI()*(B7*1000)*(4*PI()*0.0000001)))*1000 -> 0.71176254 | I6: mm
A7: 工作频率 f | B7: 10 | C7: kHz | D7: Nagaoka系数 Kn | E7: 0.5197 | F7: - | G7: 炉料肌肤深度 δ_w | H7: =SQRT(2*(B16*0.00000001)/(2*PI()*(B7*1000)*(4*PI()*0.0000001)*B15))*1000 -> 5.7384131 | I7: mm
A8: 线圈高度 L1 | B8: 300 | C8: mm | D8: 经验等效电阻 Req | E8: 0.0277493 | F8: Ω | G8: 估算线圈外径 D_out | H8: =B9+2*E5 -> 1087 | I8: mm
A9: 线圈内径 D1 | B9: 1027 | C9: mm | D9: 目标品质因数 Q | E9: 38.0587 | F9: - | G9: 平均直径 D_m | H9: =(B9+H8)/2 -> 1057 | I9: mm
A10: 线圈匝数 N | B10: 4 | C10: turn | D10: 线圈交流电阻 R_cu,ac | E10: 0.0060517 | F10: Ω | G10: 长径比 l/Dm | H10: =B8/H9 -> 0.28382214 | I10: -
A11: 铜管高度 h_cu | B11: 60 | C11: mm | D11: 冷却安全系数 k_cool | E11: 1.722 | F11: - | G11: Wheeler空芯电感 Lw | H11: =0.8*(((H9/2)/25.4)^2)*(B10^2)/(6*((H9/2)/25.4)+9*(B8/25.4)+10*(E5/25.4)) -> 22.809233 | I11: μH
A12: 铜电阻率 ρ_cu | B12: 2 | C12: ×10^-6 Ω·cm | D12: 水比热 c_p | E12: 4180 | F12: J/kg·K | G12: 理想螺线管电感 Lideal | H12: =(4*PI()*0.0000001*(B10^2)*PI()*((H9/2)/1000)^2/(B8/1000))*1000000 -> 58.80963 | I12: μH
A13: 炉料高度 L2 | B13: 300 | C13: mm | D13: 水密度 ρ_water | E13: 1 | F13: kg/L | G13: 线圈空芯电感 L0 | H13: =IF(H10>=0.4,H11,E7*H12) -> 30.563365 | I13: μH
A14: 炉料直径 D2 | B14: 842 | C14: mm | G14: 感应线圈电流 I | H14: =SQRT((B6*1000)/E8) -> 2189.2724 | I14: A
A15: 炉料相对磁导率 μr,w | B15: 1 | C15: - | G15: 等效电阻 Req | H15: =E8 -> 0.0277493 | I15: Ω
A16: 炉料电阻率 ρ_w | B16: 130 | C16: ×10^-6 Ω·cm | G16: 等效电感 Leq | H16: =(E9*E8)/(2*PI()*(B7*1000))*1000000 -> 16.80839 | I16: μH
A17: 进水温度 T_in | B17: 35 | C17: °C | G17: 感应线圈电压 U_L | H17: =H14*(2*PI()*(B7*1000)*(H16/1000000)) -> 2312.0956 | I17: V
A18: 出水温度 T_out | B18: 55 | C18: °C | G18: 有功电压分量 U_R | H18: =H14*H15 -> 60.750777 | I18: V
G19: 变压器匝数比 n | H19: =(E6*B5)/H18 -> 8.4443364 | I19: -
G20: 线圈损耗 P_cu | H20: =(H14^2*E10)/1000 -> 29.005276 | I20: kW
G21: 冷却水流量 Q_water | H21: =(E11*(H20*1000)/(E12*(B18-B17)))*60/E13 -> 35.84719 | I21: L/min

Sheet 逐步过程
A1: 逐步过程与说明
A2: 步骤 | B2: 项目 | C2: 结果 | D2: 公式/说明
A3: 1 | B3: 填充系数 | C3: =单方案反推计算器!H5 -> 0.8 | D3: k_f=N·h_cu/L1
A4: 2 | B4: 铜管肌肤深度 | C4: =单方案反推计算器!H6 -> 0.71176254 | D4: δ=√(2ρ/ωμ)
A5: 3 | B5: 炉料肌肤深度 | C5: =单方案反推计算器!H7 -> 5.7384131 | D5: δ=√(2ρ/ωμ0μr)
A6: 4 | B6: 平均直径/长径比 | C6: =单方案反推计算器!H10 -> 0.28382214 | D6: D_out=D1+2·w_rad；D_m=(D1+D_out)/2
A7: 5 | B7: Wheeler空芯电感 | C7: =单方案反推计算器!H11 -> 22.809233 | D7: 若 l/Dm≥0.4，可参考 Wheeler 原式（英寸制）
A8: 6 | B8: 理想螺线管电感 | C8: =单方案反推计算器!H12 -> 58.80963 | D8: Lideal=μ0·N²·A/l
A9: 7 | B9: 空芯电感分支结果 | C9: =单方案反推计算器!H13 -> 30.563365 | D9: IF(l/Dm≥0.4, Wheeler, Kn·Lideal)；当前案例因 l/Dm<0.4 走 Nagaoka 分支
A10: 8 | B10: 等效电阻/电流 | C10: =单方案反推计算器!H14 -> 2189.2724 | D10: Req 为校准输入；I=√(P/Req)
A11: 9 | B11: 等效电感 | C11: =单方案反推计算器!H16 -> 16.80839 | D11: Leq=Q·Req/(2πf)
A12: 10 | B12: 线圈电压/匝比 | C12: =单方案反推计算器!H19 -> 8.4443364 | D12: U_L=IωLeq；n≈1.35U_LL/(IReq)
A13: 11 | B13: 线圈损耗/水流 | C13: =单方案反推计算器!H21 -> 35.84719 | D13: Pcu=I²Rcu,ac；Qwater=k_cool·Pcu/(ρcpΔT)

Sheet 说明
A1: 说明与局限
A3: 1 | B3: 本表按当前单张截图建立，目的是复现该页结果，不声称已完全还原原软件所有内部专有算法。
A4: 2 | B4: 已较强确认的关系：填充系数、铜/炉料肌肤深度、P=I²Req、Q=ωL/Req、线圈电压、变压器匝数比。
A5: 3 | B5: 空芯电感采用分支逻辑：l/Dm≥0.4 走 Wheeler；l/Dm<0.4 走 Nagaoka 形式。当前案例 l/Dm 明显小于 0.4。
A6: 4 | B6: 几何与材料如何正向推出 Req 仍未完全锁定，因此 Req 仍作为校准输入。
A7: 5 | B7: 线圈损耗采用固定交流铜阻 R_cu,ac；冷却水流量采用热平衡+安全系数近似。
