Workbook

Sheet 主页
A1: 一种感应加热炉管 - 综合计算主页
A3: 电感计算输入（主页只输入，计算由专用工作表完成） | F3: 结果汇总（均由专用工作表提取）
A4: 线圈内径 D1 | B4: 220 | C4: mm | D4: 供 Nagaoka / Wheeler 使用 | F4: Nagaoka 系数 KN | G4: ='Nagaoka系数'!E8
A5: 线圈高度 L1 | B5: 1323 | C5: mm | D5: 线圈总长度 | F5: Wheeler 单层电感 | G5: ='Wheeler公式'!B13 | H5: μH
A6: 匝数 N | B6: 23 | C6: 匝 | D6: 总匝数 | F6: Wheeler 多层电感 | G6: ='Wheeler公式'!G13 | H6: μH
A7: 径向厚度 c | B7: 4 | C7: mm | D7: 多层 Wheeler 用；单层时可取 0~4 | F7: 建议采用电感值 | G7: ='Wheeler公式'!I13 | H7: μH
A8: 积分分段数 n | B8: 400 | C8: - | D8: Nagaoka 数值积分；建议偶数 | F8: 保温层厚度 δins | G8: ='保温层厚度'!B14 | H8: mm
F9: 保温层热流 Qins 校核 | G9: ='保温层厚度'!B15 | H9: W
F10: 外表面对流+辐射 | G10: ='保温层厚度'!B19 | H10: W
A11: 保温层计算输入（圆筒导热公式） | F11: 冷却水总流量 | G11: ='冷却水流量'!B12 | H11: L/min
A12: 炉管外径 Dp | B12: 109 | C12: mm | D12: 用于 rp=Dp/2 | F12: 单路流量 | G12: ='冷却水流量'!B13 | H12: L/min
A13: 计算长度 L | B13: 1323 | C13: mm | D13: 保温段长度 | F13: 单路平均流速 | G13: ='冷却水流量'!B14 | H13: m/s
A14: 保温层导热系数 λ | B14: 0.18 | C14: W/(m·K) | D14: 按材料手册填写 | F14: 流速建议 | G14: ='冷却水流量'!B15
A15: 炉管温度 Tp | B15: 850 | C15: ℃ | D15: 热面温度
A16: 目标外表面温度 Ts | B16: 80 | C16: ℃ | D16: 用于反算保温层厚度
A17: 允许热损失 Q | B17: 3000 | C17: W | D17: Q_ins 目标值 | F17: 使用说明： 1）主页只输入参数，不在主页进行 Nagaoka / Wheeler / 保温层 / 冷却水核心公式计算； 2）结果均链接自对应工作表； 3）Excel 打开后会自动重算，若未刷新请按 F9。
A18: 环境温度 T∞ | B18: 25 | C18: ℃ | D18: 供外表面对流/辐射参考
A19: 外表面对流系数 h | B19: 8 | C19: W/(m²·K) | D19: 自然对流初值
A20: 外表面发射率 ε | B20: 0.85 | C20: - | D20: 辐射热计算参考
A23: 冷却水输入
A24: 线圈损耗 Pcoil | B24: 24.7081 | C24: kW | D24: 来自电磁计算
A25: 附加吸热 Qgap→coil | B25: 0 | C25: kW | D25: 保温层/空气隙传到线圈的热量
A26: 冷却水进口温度 | B26: 25 | C26: ℃ | D26: Tw,in
A27: 冷却水出口温度 | B27: 35 | C27: ℃ | D27: Tw,out
A28: 铜管内径 di | B28: 20 | C28: mm | D28: 用于流速校核
A29: 并联水路数 | B29: 1 | C29: 路 | D29: 总流量按支路平均分配

Sheet Nagaoka系数
A1: Nagaoka 系数计算
A3: 输入（全部引用主页） | D3: 输出
A4: 线圈半径 a | B4: =主页!B4/2 | C4: mm | D4: 2a/b | E4: =2*B4/B5
A5: 线圈长度 b | B5: =主页!B5 | C5: mm | D5: 模数 k | E5: =2*B4/SQRT(4*B4^2+B5^2)
A6: 积分分段数 n | B6: =主页!B8 | C6: - | D6: K(k) | E6: =((PI()/(2*$B$6))/3)*SUMPRODUCT(INDEX($L$20:$L$1020,1):INDEX($L$20:$L$1020,$B$6+1),INDEX($M$20:$M$1020,1):INDEX($M$20:$M$1020,$B$6+1))
D7: E(k) | E7: =((PI()/(2*$B$6))/3)*SUMPRODUCT(INDEX($L$20:$L$1020,1):INDEX($L$20:$L$1020,$B$6+1),INDEX($N$20:$N$1020,1):INDEX($N$20:$N$1020,$B$6+1))
D8: KN | E8: =(((B5*SQRT(4*B4^2+B5^2))/B4^2)*(E6-E7)+((4*SQRT(4*B4^2+B5^2))/B5)*E7-(8*B4/B5))/(3*PI())
A10: 说明：为匹配 2R/l 表，这里采用 a=R、b=l。K(k)、E(k) 通过 Simpson 数值积分得到。
J19: i | K19: θ | L19: 权重 | M19: fK | N19: fE
J20: 0 | K20: =J20*PI()/(2*$B$6) | L20: =IF(OR(J20=0,J20=$B$6),1,IF(MOD(J20,2)=1,4,2)) | M20: =1/SQRT(1-($E$5^2)*(SIN(K20)^2)) | N20: =SQRT(1-($E$5^2)*(SIN(K20)^2))
J21: 1 | K21: =J21*PI()/(2*$B$6) | L21: =IF(OR(J21=0,J21=$B$6),1,IF(MOD(J21,2)=1,4,2)) | M21: =1/SQRT(1-($E$5^2)*(SIN(K21)^2)) | N21: =SQRT(1-($E$5^2)*(SIN(K21)^2))
J22: 2 | K22: =J22*PI()/(2*$B$6) | L22: =IF(OR(J22=0,J22=$B$6),1,IF(MOD(J22,2)=1,4,2)) | M22: =1/SQRT(1-($E$5^2)*(SIN(K22)^2)) | N22: =SQRT(1-($E$5^2)*(SIN(K22)^2))
J23: 3 | K23: =J23*PI()/(2*$B$6) | L23: =IF(OR(J23=0,J23=$B$6),1,IF(MOD(J23,2)=1,4,2)) | M23: =1/SQRT(1-($E$5^2)*(SIN(K23)^2)) | N23: =SQRT(1-($E$5^2)*(SIN(K23)^2))
J24: 4 | K24: =J24*PI()/(2*$B$6) | L24: =IF(OR(J24=0,J24=$B$6),1,IF(MOD(J24,2)=1,4,2)) | M24: =1/SQRT(1-($E$5^2)*(SIN(K24)^2)) | N24: =SQRT(1-($E$5^2)*(SIN(K24)^2))
J25: 5 | K25: =J25*PI()/(2*$B$6) | L25: =IF(OR(J25=0,J25=$B$6),1,IF(MOD(J25,2)=1,4,2)) | M25: =1/SQRT(1-($E$5^2)*(SIN(K25)^2)) | N25: =SQRT(1-($E$5^2)*(SIN(K25)^2))
J26: 6 | K26: =J26*PI()/(2*$B$6) | L26: =IF(OR(J26=0,J26=$B$6),1,IF(MOD(J26,2)=1,4,2)) | M26: =1/SQRT(1-($E$5^2)*(SIN(K26)^2)) | N26: =SQRT(1-($E$5^2)*(SIN(K26)^2))
J27: 7 | K27: =J27*PI()/(2*$B$6) | L27: =IF(OR(J27=0,J27=$B$6),1,IF(MOD(J27,2)=1,4,2)) | M27: =1/SQRT(1-($E$5^2)*(SIN(K27)^2)) | N27: =SQRT(1-($E$5^2)*(SIN(K27)^2))
J28: 8 | K28: =J28*PI()/(2*$B$6) | L28: =IF(OR(J28=0,J28=$B$6),1,IF(MOD(J28,2)=1,4,2)) | M28: =1/SQRT(1-($E$5^2)*(SIN(K28)^2)) | N28: =SQRT(1-($E$5^2)*(SIN(K28)^2))
J29: 9 | K29: =J29*PI()/(2*$B$6) | L29: =IF(OR(J29=0,J29=$B$6),1,IF(MOD(J29,2)=1,4,2)) | M29: =1/SQRT(1-($E$5^2)*(SIN(K29)^2)) | N29: =SQRT(1-($E$5^2)*(SIN(K29)^2))
J30: 10 | K30: =J30*PI()/(2*$B$6) | L30: =IF(OR(J30=0,J30=$B$6),1,IF(MOD(J30,2)=1,4,2)) | M30: =1/SQRT(1-($E$5^2)*(SIN(K30)^2)) | N30: =SQRT(1-($E$5^2)*(SIN(K30)^2))
J31: 11 | K31: =J31*PI()/(2*$B$6) | L31: =IF(OR(J31=0,J31=$B$6),1,IF(MOD(J31,2)=1,4,2)) | M31: =1/SQRT(1-($E$5^2)*(SIN(K31)^2)) | N31: =SQRT(1-($E$5^2)*(SIN(K31)^2))
... J1020: 1000 | K1020: =J1020*PI()/(2*$B$6) | L1020: =IF(OR(J1020=0,J1020=$B$6),1,IF(MOD(J1020,2)=1,4,2)) | M1020: =1/SQRT(1-($E$5^2)*(SIN(K1020)^2)) | N1020: =SQRT(1-($E$5^2)*(SIN(K1020)^2))

Sheet Wheeler公式
A1: Wheeler 公式计算
A3: 单层公式 | E3: 多层 / 厚绕组公式
A4: 半径 r | B4: =主页!B4/2 | C4: mm | E4: 平均半径 a | F4: =主页!B4/2+主页!B7/2 | G4: mm
A5: 长度 l | B5: =主页!B5 | C5: mm | E5: 线圈长度 b | F5: =主页!B5 | G5: mm
A6: 匝数 N | B6: =主页!B6 | C6: 匝 | E6: 径向厚度 c | F6: =主页!B7 | G6: mm
A7: r(in) | B7: =B4/25.4 | C7: in | E7: 匝数 N | F7: =主页!B6 | G7: 匝
A8: l(in) | B8: =B5/25.4 | C8: in | E8: a(in) | F8: =F4/25.4 | G8: in
E9: b(in) | F9: =F5/25.4 | G9: in
A10: Wheeler 原式 | B10: =B7^2*B6^2/(9*B7+10*B8) | C10: μH | E10: c(in) | F10: =F6/25.4 | G10: in
A11: mm 等价式 | B11: =0.03937007874*B4^2*B6^2/(9*B4+10*B5) | C11: μH | E11: Wheeler 原式 | F11: =0.8*F8^2*F7^2/(6*F8+9*F9+10*F10) | G11: μH
E12: mm 等价式 | F12: =0.03149606299*F4^2*F7^2/(6*F4+9*F5+10*F6) | G12: μH | I12: 建议采用值
A13: 主页提取值 | B13: =B11 | C13: μH | E13: 主页提取值 | F13: =F12 | G13: μH | I13: =IF(主页!B7<=0.1,B13,F13)

Sheet 保温层厚度
A1: 保温层厚度与外表面散热
A3: 输入（引用主页）
A4: 炉管半径 rp | B4: =主页!B12/2000 | C4: m
A5: 长度 L | B5: =主页!B13/1000 | C5: m
A6: 导热系数 λ | B6: =主页!B14 | C6: W/(m·K)
A7: 炉管温度 Tp | B7: =主页!B15 | C7: ℃
A8: 外表面目标温度 Ts | B8: =主页!B16 | C8: ℃
A9: 允许热损失 Q | B9: =主页!B17 | C9: W
A10: 环境温度 T∞ | B10: =主页!B18 | C10: ℃
A11: 对流系数 h | B11: =主页!B19 | C11: W/(m²·K)
A12: 发射率 ε | B12: =主页!B20 | C12: -
A14: 保温层厚度 δins | B14: =1000*B4*(EXP((2*PI()*B6*B5*(B7-B8))/B9)-1) | C14: mm
A15: Qins 校核 | B15: =2*PI()*B6*B5*(B7-B8)/LN((B4+B14/1000)/B4) | C15: W
A16: 保温层外半径 ro | B16: =B4+B14/1000 | C16: m
A17: 外表面积 Ao | B17: =2*PI()*B16*B5 | C17: m²
A18: 对流散热 Qconv | B18: =B11*B17*(B8-B10) | C18: W
A19: 辐射+对流总散热 | B19: =B18 + B12*5.67E-8*B17*((B8+273.15)^4-(B10+273.15)^4) | C19: W
A21: 主公式：Qins = 2π λ L (Tp-Ts) / ln(ro/rp)。 此页给出按允许热损失反算保温层厚度，以及对流/辐射校核。

Sheet 冷却水流量
A1: 冷却水流量与流速校核
A3: 输入（引用主页）
A4: 线圈损耗 Pcoil | B4: =主页!B24 | C4: kW | D4: 线圈本身损耗
A5: 附加吸热 Qgap→coil | B5: =主页!B25 | C5: kW | D5: 保温层/空气隙传到线圈的热量
A6: 水进口温度 | B6: =主页!B26 | C6: ℃ | D6: Tw,in
A7: 水出口温度 | B7: =主页!B27 | C7: ℃ | D7: Tw,out
A8: 铜管内径 di | B8: =主页!B28 | C8: mm | D8: 单路内径
A9: 并联水路数 | B9: =主页!B29 | C9: 路 | D9: 总流量按支路平均分配
A10: 总热负荷 | B10: =1000*(B4+B5) | C10: W | D10: Qtotal
A11: 温升 ΔT | B11: =B7-B6 | C11: K
A12: 总流量 | B12: =60000*(B10/(4180*B11))/1000 | C12: L/min | D12: Qtotal = m·cp·ΔT
A13: 单路流量 | B13: =B12/B9 | C13: L/min
A14: 单路平均流速 | B14: =4*((B13/60000)/1000)/(PI()*(B8/1000)^2) | C14: m/s | D14: v=4Q/(πdi²)
A15: 流速建议 | B15: =IF(B14<1.2,"偏低",IF(B14<=2.0,"推荐区间",IF(B14<=2.5,"强化冷却可用","偏高，注意压降/冲蚀"))) | C15: - | D15: 工程建议值 1.2~2.0 m/s
A17: 说明：总热负荷 = 线圈损耗 + 附加吸热。总流量由 Q = m·cp·ΔT 计算，再按并联水路平均分配并校核流速。
